ID,URL
0,https://www.virtualvocations.com/
1,mail.google.com
2,https://hangouts.google.com
3,https://lookup.icann.org/
4,http://resumes-master.com/
5,http://www.merchndw.com
6,notifications-1581@app.bambooh
7,https://robinsonsdental.co.uk/how-restoring-your-smile-can-restore-your-self-confidence/ https://fbsw.com/find-the-right-service/chloe/
8,https://www.linkedin.com/in/jessica-altman-aa26b2209/
9,https://www.linkedin.com/in/sarah-stevens-0b0b53207/
10,https://www.linkedin.com/in/matt-grogan-ba37321b8/
11,https://www.linkedin.com/in/megan-spears-3308391bb/
12,http://www.sarahpiercephotography.com/wp/
13,https://www.linkedin.com/in/amber-sullivan-0329841bb/
14,https://www.imdb.com/name/nm3948902/?ref_=nmmi_mi_nm
15,https://www.jobilize.com/job/innovation-program-director-cci-centennial-jobleads-united-states?src=drblsrch
16,https://jobs.jhu.edu/job/baltimore-innovation-program-director-cci-md-21218/703936800/
17,"""coloradojobdepartment.com"
18,nexxt.com
19,collisionrepairspecialtyllc.com
20,https://t.me/laurenlola_cwnsbanking
21,https://elitefexbrokers.com/contact/
22,https://www.indeed.com/viewjob?t=benefits+specialist&amp;jk=0325de69ff08cf18&amp;vjs=3
23,https://sinoway-dash.com/user/login.php
24,https://www.mindreyus.com/index
25,https://www.reddit.com/r/jobs/comments/l77rdk/question_about_a_sketchy_job_offer_mindrey_post/
26,https://smartpost.company/
27,http://unintstock.com/
28,https://ussmartpost.com/
29,bamboohr.com
30,indeed.com
31,https://drive.google.com/file
32,https://www.tadpgs.com
33,https://nemauramedical.com/
34,https://www.ibm.com/us-en
35,gmail.com
36,www.tlestaffing.com
37,key-gainer.com
38,i&rsquo;d.me.com
39,proz.com
40,http://www.goinspirechange.com/opportunities/#
41,https://zageinvest.org/
42,https://www.linkedin.com/in/helenelepape/
43,https://www.cprime.com/training/certified-scrum-master/ https://www.learningtree.com/courses/1813/certified-scrummaster-csm-certification-training
44,https://www.addrex.com/formax_fd8730hs.html.i
45,https://t.me/zebmed_hr
46,https://www.zebra-med.com/
47,bistlineproductions.com
48,4k@60hz
49,www.google.com/hangouts/
50,www.widex.com
51,https://t.me/bryanjames148
52,willardschools.net
53,https://parcel-assistant.com/user/login.php
54,https://employmentagency2.godaddysites.com/
55,https://zoom.us/j/99444644706?pwd=rmxmdw1lcelrwitzetbdnkt2tlbput09
56,smilifeline.org
57,handshake.com
58,www.bbb.com/scamtracker
59,karier.com
60,https://karier.co/job/proofreadercopy-editor-the-humane-society-bbr
61,www.tscti.com
62,pmta.sailthru.com
63,https://t.me/ethanadamson
64,https://telegram.org/dl?tme=1e30fff77d4ccd358c_1629804303504667852
65,@odyssey-capitalgroup.com
66,lamonica.l********@careerusahub.com
67,kris.******.16@workusahub.com
68,kris.*****n.16@workusahub.com
69,www.indeed.com
70,https://app.wire.com/auth/
71,sphiring.com
72,www.sphiring.com
73,https://layered-designs.com
74,https://www.bbb.org/us/ca/walnut/profile/resume-services/symphony-solutions-1216-1265318
75,aol.com
76,hamiltongunclub.net
77,freelance.com
78,https://qyshippers.com/video.html
79,http://u.pc.cd/yi9
80,optimisedresumes.com
81,www.google.com/hangouts
82,scamadvisor.com/check-website/hillensquare.com
83,namecheap.com
84,hillensquare.com
85,wishdeliverys.com
86,indeedemail.com
87,http://www.athometypist.com/p/typist-training-scroll-thru.html
88,dash-empire.com
89,empire-post.com
90,http://www.application-form.pro/
91,https://enterpriserecruitingsolutions.com/postmates
92,https://enterpriserecruitingsolutions.com/rover
93,enterpriserecruitingsolutions.com
94,dice.com
95,www.intelliswift.com https://www.intelliswift.com/emailsigns/fb-icon.png https://www.intelliswift.com/emailsigns/twitter-logo.png https://www.intelliswift.com/emailsigns/linkedin-icon.png
96,https://benbowllc.com/
97,www.loyalhealth.com
98,post-us.com
99,"""telegram.org"
100,'telegram.org
101,https://join.skype.com/invite/e2nhfclzkpfw
102,www.zeerecruiting.com
103,rooms101.com
104,blossomspringspublishing.com
105,'sendgrid.net
106,'sendgrid.com
107,https://t.me/marylavery_deere
108,https://telegram.org/apps
109,https://t.me/alliumltd
110,highwaycourier.com
111,"""autodesign008@gmail.com"
112,constructionjobforce.com
113,http://u.pc.cd/tiertalk
114,http://staff.bestshop-usa.store/login
115,bbb.org
116,https://join.skype.com/invite/shyduhl9oldi
117,wire.com
118,hirenotary.com
119,arco-wallet.com
120,https://docs.google.com/document/d/1ecgem-nfjoavv5zm9xeztemdiplei7vn8hn9trawt88/
121,https://www.logistics-station.com/
122,https://g-marketplace.com/panel/user/login.php
123,https://wck2.companieshouse.gov.uk
124,https://blockchain-first.net/
125,catherinedorschdesk87jgmail.com
126,@gmail.com
127,freelancer.com
128,sender.zohorecruit.com
129,www.linkedin.com/in/justinapploffprchealth
130,www.pharmasalesconnect.com
131,https://academyelearn.com/course/scrum-master-agile-certification-basic-pack/
132,www.plumas
133,jnj.com
134,get.wire.com
135,uspostofficejob.com
136,"""gbts_407@yahoo.com"
137,brandresearches.com
138,https://haggler65.wixsite.com/mysite
139,'noreply@jotform.com
140,'bwjobs246@gmail.com
141,https://stcdirectphilly.com/
142,https://www.linkedin.com/in/travissostackngear/ https://twitter.com/travisrvaughn
143,glamourshotstudios.com
144,https://www.indeed.com/viewjob?cmp=north-carolina-professional-group&amp;t=computer+technician+apprentice&amp;jk=0225afb6d47ca927&amp;sjdu=igbrwdoiigg30_s-qkfri15iontw-mlfvrs4g0a7z70nma7c0yd5glgrvfctj5et9cl0igt-vctbhe_3zr_a8xzzv5rcrbeatckfle3hbubgzccfawqgmfsxsvczfwkf&amp;tk=1ed0mj8to0gdl000&amp;adid=344119146&amp;pub=4a1b367933fd867b19b072952f68dceb&amp;vjs=3
145,https://t.me/franz_wilton
146,www.custompharma.co.uk
147,zohomail.com
148,mchsi.com
149,shipping-panel.com
150,https://specialfireutensils.com/
151,"""paymentofficer@accountant.com"
152,vsaxena@bayonesolutions
153,www.bayonesolutions.com
154,&ldquo;.com
155,infinityneuron.com
156,https://inveniatechsystem.com/
157,recruitmilitary.com
158,https://t.me/mrhatfieldelevianinc
159,telegram.org
160,https://www.ripcord.com
161,www.fedex.com
162,https://cdn2.hubspot.net/hubfs/53/tools/email-signature-generator/icons/email-icon-2x.png
163,https://cdn2.hubspot.net/hubfs/53/tools/email-signature-generator/icons/link-icon-2x.png http://infosyssolutions.us/ https://cdn2.hubspot.net/hubfs/53/tools/email-signature-generator/icons/address-icon-2x.png
164,**********@representative.com
165,"""john.smith.apple@gmail.com"
166,payrolla.net
167,"""chason1001@gmail.com"
168,************@gmail.com
169,ttec@home
170,https://surveyreport112.wixsite.com/shopper
171,app.wire.com
172,whois.com
173,protonmail.com
174,https://stopscamfraud.com/viewtopic.php?t=416
175,dgm***22@gmail.com
176,ehill***78@hotmail.com
177,smtpsendemail.com
178,https://barco-chat.com mailto:career@barco-chat.com
179,info@furukawamachines.comwebsite
180,www.furukawamachines.com
181,hk.linkedin.com
182,www.ups.com
183,www.gmail.com
184,******.vectorapply.com
185,http://coursesplatform.com
186,https://www.learningeschool.com
187,https://online.vmedu.comthis
188,deejewelsornaments.com
189,hrsiemenshealthineers.com
190,bbb.com
191,https://www.6sigma.us/training-green-belt.php
192,theagilestudy.com
193,info@blairiouspetssup
194,ziprecruiter.com
195,"""corpgurbriss@gmail.com"
196,https://murcel.com/form/be128605d1f96bd084a6bdd06572f19becf4265d
197,www.spot-crm.net
198,https://complaint.ic3.gov/default.aspx?#
199,inhostedns.org
200,bsjpost.com
201,https://www.scampulse.com/alba-express-reviews
202,sgspostemail.com
203,www.usprestigepost.com
204,https://prestige-dashboard.com/user/
205,bincochat.com
206,teachk12onlineacademy.com
207,@talosenergy.com
208,https://dwl-machines.us
209,https://www.affiliatedsuccess.com/affiliate-marketing-reviews/postal-jobs-source-scam-or-legit/
210,https://telegram.org
211,--------------lifestylesreview.com
212,http://pc.cd/pcj7
213,http://connect-postdash.com/user/
214,https://us.connect-post.com/form_w-4.pdf
215,mysteryshoppingincc.wufoo.com
216,admin@mysteryshopperlnc.store
217,wayofincome.com
218,works77.com
219,google.com
220,http://4u.crc93.net/
221,https://calendly.com/billfoxca/orientation
222,https://orangecounty.craigslist.org/csr/7090539612.html
223,https://craigslist.org/about/help/email-relay
224,https://craigslist.org/mf/301e965ddb4f65842306496fa9f531e7aca94927.1
225,identytheft.gov
226,@fundexconsulting.com
227,https://enfocomtechsystem.com
228,enfocomtechsystem.com
229,usajobsdirectory.com
230,https://recruitment-services.roundrockoqtel.com
231,https://recruitment-services.roundrockoqtel.com/
232,https://dos.myflorida.com/sunbiz/search/
233,desk.dxc.onlinehiring&iexcl;gmail.com
234,www.globaladvl.com
235,www.creditreports.com
236,https://secure.yourscoreandmore.com/signup.html?adid=ysam424001
237,http://pc.cd/orh
238,shoppersview.com
239,https://telegram.org/
240,https://t.me/michaelvazquez
241,learning-era.com
242,www.veteranssourcinggroup.com
243,"""jessicagallery.com"
244,www.learning-era.com
245,https://www.graphextechnologiesltd.com/
246,'graphic-designer.com
247,graphic-designer.com
248,yellobook.com
249,rapido.com
250,https://online.vmedu.com/courses/manage-course-subscriptions
251,www.skype.com
252,http://www.squarepharma.com.bd
253,http://pc.cd/oe9rtalk
254,smartshipusa.com
255,http://pc.cd/yeectalk
256,https://www.amplicon.com
257,http://www.aixglobal.com/
258,https://reeserobert.typeform.com/to/ipjunc
259,https://form.jotform.com/933661462801
260,https://plesq.com/cloud/hr/open/psq-859035-1912-b.pdf
261,https://www.bbb.org/article/news-releases/17775-beware-of-work-at-home-reshipping-scam
262,http://ma.lmessage.us/
263,creditreports.com
264,track.zwtrckr.com
265,"""zzzer4@gmail.com"
266,https://www.ftccomplaintassistant.gov
267,https://www.thisisacme.com/
268,https://knit-express-inc.business.site/ https://macheaol.us/
269,davfurry@gmail
270,glassdoor.com
271,https://www.staffingpremier.com/
272,www.staffingpremier.com
273,www.learningeschool.com
274,personalcourierenterprise.com
275,http://alpecourierservices.com/career
276,rantominsurance.com
277,easyship.com
278,www.olympic.org
279,https://fba-seller.services/panel/user/login.php
280,davdavdet@gmailcom
281,www.apitope.com
282,http://directjobrecruitment.com/
283,coursesplatform.com
284,wayne.**@proshipcontrol.com
285,jobs.com
286,www.integrityfilmproduction.com
287,globmerts.com
288,amazon.ca
289,amazon.uk
290,sales4worldusa.com
291,https://app.wire.com/
292,http://customer-mservice.com/panel/user/
293,https://str-service.me/about-us/
294,http://customer-mservice.com/panel/user/packages.php
295,usasending.com
296,elben-backoffice.com
297,https://us.dreampostint.com/employment_agreement.pdf
298,https://hangouts.google.com/
299,hometyping.com
300,http://www.gmail.com
301,http://annemillerconsulting.com/
302,https://www.gohealthinsurance.com
303,https://get.care360.com/
304,https://www.reddit.com/r/workonline/comments/blrjg1/another_example_of_the_consulting_scam/
305,www.premiumautos.me
306,www.freight-crm
307,ic3.gov
308,"""kevin.a@adppayrolldotserve.com"
309,"""hroffice763_2o4@indeedemail.com"
310,https://share.hsforms.com/155b-ubo1qbgfzboh5dxhaq37rg2
311,"""careers@arniesfurnace-hr.freshteam.com"
312,"""richellebfh@gmail.com"
313,arniesfurnace.com
314,http://fsrecruitinginc.com/index.php
315,www.tqrecruitment.com
316,https://phillycom.cmail20.com/t/du
317,http://usps.com/tracking
318,https://cb-helper.pro/login.php
319,https://charity-blessing.com/about-careers.html
320,https://charity-blessing.pro/
321,http://abfs-consulting.ch/
322,at&nbsp;survey.walmart.com
323,*****************@gmail.com
324,fedex.com
325,vmedu.com
326,spectrumstaffingco.com
327,http://www.saleshubusa.com/index.php?page=register
328,https://m.facebook.com/notes
329,usps.com
330,directjobrecruitment.com
331,www.logisticscrm.us
332,comcast.net
333,booking.com
334,"""millerben482@gmail.com"
335,application.daronconsulting.com
336,sendinblue.com
337,https://help.creditkarma.com/hc/en-us/articles/203377620-how-do-i-print-my-credit-report
338,learningeschool.com
339,infoedgestaffing.com
340,http://vtx-market.com/user/
341,https://www.indeed.com/forum/gen/job-interviews/personal-assistant-might-job-scam/t537636/p5
342,healthcareglobal.com
343,bizclikmedia.com
344,www.ecoparcelusa.com
345,hangouts.google.com
346,http://postal-dashboard.com/user/
347,https://www.courseinfotech.com
348,http://www.maanpharma.com
349,deposit@mobile
350,https://bit.ly/2lxsf5z
351,postalboard.us
352,http://pc.cd/n8yrtalk
353,https://postalboard.us
354,https://orders-crm.net
355,www.oceanictravelagency.com
356,cargoflowlg.com
357,cdw.com
358,https://www.macatechnologies.com/
359,https://www.bbb.org/kitchener/news-centre/news-releases/2017/06/bbb-warning-possible-imposter-employment-scam/
360,"as""info@treelainsurance.com"
361,https://www.bayer.com
362,www.ameritech.com
363,http://thecashacademy.org/shopperx-llc-can-be-helpful-in-buying-products-from-us-market/ https://www.yellowbook.com/profile/shopperx-llc_1904659760.html https://www.bbb.org/us/fl/miami/profile/workathome-companies/shopperx-llc-0633-90541278 https://shopperxusa.com/
364,www.airliquide.com
365,yourgatewaytotheworldparcerly.com
366,http://midwestern-express.com/
367,https://cp.midwestern-express.com/application
368,https://cp.midwestern-express.com/app/panel/dashboard
369,zimtransportation.com
370,us.zim.com
371,zim.com
372,mettn.com
373,birknerllc.com
374,higi-usa.com
375,care.com
376,inspectionland.com
377,whois.icann.org
378,www.amerigroup.com
379,http://www.prorecruitingsolutions.com
380,https://www.resumereviews.net
381,http://www.ssrecruiting.com
382,retailhire.org
383,timecodeoutsourcing.com
384,https://ups.managehr.com/hiringprocess.htm
385,www.cloudflare.com
386,https://www.indeed.com/forum/gen/career-advice/explicit-logistic-company-scam/t387475/p27
387,https://goo/gl/5rbhfh
388,heart.com
389,rt.com
390,misty-bravehart.com
391,dealpath.com
392,upwork.com
393,linkedin.com
394,www.pinnaclecustomermetrics.com
395,www.iqstudio.photography
396,https://appext20.dos.ny.gov/corp_public/corpsearch.entity_search_entry
397,form.jotform.com
398,www.sisinternational.com
399,"""talentacquisition@duraauto.com"
400,***************@gmail.com
401,www.google.com/hangout
402,https://thematticarts.com/job-offer.php
403,retailriches.org
404,rickwalter456@gmail.com/585-496-4592
405,sendgrid.ziprecruiter.com
406,nfoafinancedepts.com
407,kettlebelllady.net
408,http://kettlebelllady.net/?reqp=1&amp;reqr=
409,https://www.metrosautos.com/
410,www.usps.com
411,https://about.usps.com/postal-bulletin/2008/html/pb22235/html/info_004.html
412,www.fulfillment-crm.net
413,rashippers.com
414,union-ship.com
415,cutestat.com
416,riches.org
417,https://www.tsbohemia.cz
418,https://realonlinesprofits.pw/
419,taylor@symmetry.careers
420,retailincome.org
421,amazon.com
422,&ldquo;nielsen.itgo.com
423,https://dirtyscam.com/reviews/marina-devalia-a-k-a-maria-paseka/
424,https://www.ubicoins.com/index.php?option=com_content&amp;view=frontpage&amp;itemid=1
425,https://www.bbb.org/us/tx/dallas/profile/online-auctions/ubicoins-0875-90932098&nbsp
426,quickwayshipping.com
427,united-al.com
428,moonlighting.com
429,fishersplows.com
430,http://www.nbc12.com/story/37113691/man-targeted-by-walmart-secret-shopper-scam-wants-to-warn-others/
431,www.whiterayproductions.com
432,expedia.com
433,hotels.com
434,venere.com
435,https://www.deviantart.com/tealeo/journal/wild-crazy-scam-story-728399161
436,www.clubparcel.com
437,https://www.rgbsi.com/jobs
438,https://www2.jobdiva.com/candidates/login.jsp?a=u4jdnwo9bfrrb4880orajasydzcctc0430ep5ji4kdp5v8qtsbx70nx09mmm07dy&amp;id=-1&amp;searchstring=&amp;statesstring=&amp;from=onboarding&amp;login=
439,omegasup.com
440,logistics.com
441,https://imgur.com/gallery/af20ovk
442,amazonrecruiter.org
443,www.apploi.com
444,http://www.artisticimagery.ca/home.html
445,https://www.lamedia.co.uk/about/
446,https://vimeo.com/lamediaproduction/about
447,https://www.skysoftproductionstudios.com/
448,https://www.facebook.com/pentagontactical/
449,www.pentagonproductions.com
450,amazonhiring.org
451,"""amazonhiring.org"
452,http://nathealthcare.com/
453,https://www.bbb.org/scamtracker/us
454,https://postalinspectors.uspis.gov/contactus/filecomplaint.aspx
455,https://profitsnews.pw/rpopssd?a=767&amp;s1=10516&amp;s2=125088951&amp;reqid=88646004
456,https://profitsnews.pw/rpopssd?a=767&amp;s1=10516&amp;s2=125033599&amp;reqid=88611062
457,amazonwealth.org
458,http://bit.ly/insp-desc
459,dataentrywork.org
460,https://imgur.com/a/mglyzdu
461,https://imgur.com/a/csej6hh
462,elitexclusiveapparels.com
463,*********@gmail.com
464,glassdor.com
465,amaonfromhome.org
466,https://realonlinesprofits.pw/rpopssd?a=767&amp;s1=10516&amp;s2=123512465&amp;reqid=87006351
467,amazonfromhome.org
468,ingramtn.com
469,charmexsolutions.com
470,https://bbb.charmexsolutions.com/charmex-solutions-in-los-angeles-ca-100593726
471,sg2nlhg022.shr.prod.sin2.secureserver.net
472,&ldquo;charmex-mail.org
473,https://www.machomedical.com/
474,www.elevatetraveltourism.com
475,https://domainbigdata.com/nj/fmbjahwgwiat7i26pq3l5tp4ljrya2jinp2mx6mdy8c
476,https://www.shipping-network.com
477,amazongigs.org
478,amazonrich.org
479,http://www.fedex.com/us/
480,https://www.usps.com/
481,https://store.usps.com/store/product/shipping-supplies/priority-mail-box---4-p_o_box4
482,https://store.usps.com/store/product/shipping-supplies/priority-mail-box---7-p_o_box7
483,https://store.usps.com/store/product/shipping-supplies/priority-mail-shoe-box-p_0_shoebox
484,https://store.usps.com/store/product/shipping-supplies/customs-form-envelope-p_form_2976_e
485,https://www.ups.com/
486,https://www.ups.com/osa/browse?loc=en_us&amp;category=001
487,"""hrdesksia@gmail.com"
488,http://www.siaec.com.sg
489,amazonprofits.org
490,amazonwork.org
491,www.anergis.ch
492,https://www.gmail.com/intl/en/mail/help/about.html
493,http://www.google.com/hangouts/
494,retailpay.org
495,amcor.com
496,https://www.amcor.com/
497,profits.org
498,webstorejobs.org
499,telegramweb.com
500,jobs.org
501,"""jmturkall@gmail.com"
502,transpointsl.com
503,hurricaneworkers2018.com
504,webstorejobs.com
505,easykits.org
506,tiwadara.com
507,http://tiwadara.com/wp-content/sr
508,www.resumious.com
509,office.us
510,shopperweb.org
511,https://www.amazon.com/s?marketplaceid=atvpdkikx0der&amp;me=azs2mgjj0fctd&amp;merchant=azs2mgjj0fctdi
512,curesarcoma.org
513,hometyping.org
514,https://www.indeed.com/viewjob?jk=748ab3bcf9b87388&amp;from=myjobs&amp;tk=1cn6ccg31bd62am5
515,webstore.org
516,webstorejob.org
517,retailpaid.org
518,https://www.ziprecruiter.com/contact/response/xxxxxxxxxxx/xxxxxxx?source=email-remarketing-trans-new-response--all-else
519,www.ferrer.com
520,stockretail.org
521,careerbuilder.com
522,snagajob.com
523,webshopper.com
524,block64.com
525,tqualitym.com
526,savvy2012.com
527,www.jobs.org
528,"""stockretail.org"
529,https://www.alcoa.com/global/en/home.asp
530,mswsysv2.com
531,blockchain.com
532,http://www.dupont.com
533,retail.org
534,storejobs.org
535,https://mswsysv2.com/mswbv2/?a=767&amp;s1=10516&amp;s2=114052794&amp;reqid
536,www.thinkwisesoftware.com
537,www.preniumbestfarmgoods.net
538,http://www.agroamerica.com
539,www.premiumfarmproduce.org
540,http://www.agroameric
541,www.premium-farm.biz
542,http://www.agroamerica.com&hellip
543,yourtopfarmproduce.com
544,https://docs.google.com/document/d/1xx5nq8fyp3p_ajqundds5ixpjgkw4bky7ldpnpmqvcs/
545,email.mtcinc.com
546,https://www.employee-site.com
547,https://bestwaygroup.co.uk
548,https://www.bbb.org/scamtracker/detail/employmentscam-72404-ar/250190
549,www.glatt.com
550,globaltgr.com
551,www.dataentryjobs.org
552,www.voith.comstart
553,www.careerbuilder.com
554,www.voith.com
555,novahealthcare.com
556,novahealthcare.org
557,https://www.basilea.com
558,traffery.com
559,sevensent.com
560,paknic.com
561,https://www.indeed.com/forum/gen/career-advice/explicit-logistic-company-scam/t387475/p16 https://www.bbb.org/scamtracker/us
562,https://d2freelancing.webs.com/
563,www.cryptogrind.com
564,https://www.quora.com/profile/danny-donahue-4
565,workingforbitcoins.com
566,https://www.reddit.com/r/testimonials/comments/81ft76/neg_ugetitdone3305_is_a_scammer/ https://www.bbb.org/scamtracker/detail/employmentscam-98001-wa/205355?scam=205355
567,caahfindersyatem.com
568,www.lek.com
569,www.hallmarktechnologies.ca
570,https://attachment.freshdesk.com/inline/attachment?token=eyj0exaioijkv1qilcjhbgcioijiuzi1nij9.eyjpzci6mzawmda0nzk0mzysimrvbwfpbii6imv0ywxlbnquznjlc2hkzxnrlmnvbsj9.g2q1bbprbi1kee1iatid8dqgusqcmb0lxqrybj-mmoa
571,https://cedgeconstrutions.wixsite.com/creativeedgeconstruc
572,https://www.unicepta.com/en/career/unicepta-job-offers.html
573,https://wwstartup.net/
574,http://one-comp.com/
575,https://dvnnnetwork.wufoo.com/forms/welcome-to-draper-venture-network/
576,https://postalinspectors.uspis.gov/raddocs/consumer/reshippingscam.html
577,www.teamdfwinc.com
578,https://www.bbb.org/scamtracker/northeast-california
579,auth.ccsend.com
580,https://mi-global.us/
581,express-pack-ship.com
582,https://www.glassdoor.com/reviews/employee-review-sueshine-rvw12351154.htm
583,https://www.glassdoor.com/reviews/employee-review-sueshine-rvw13158443.htm
584,https://www.startup-cloud.co.uk
585,wk-hiring.com
586,pa-mo.com
587,ecorp.sos.ga.gov
588,http://wk-hiring.com http://wk-hiring.com/documents/13258969.pdf http://wk-hiring.com/documents/cp575notice_1471453713164.pdf
589,www.checkmark.com
590,http://www.sutherlandglobal.com/sutherland.aspx
591,fuji-electrics.com
592,@fuji-electrics.com
593,@fujielectric.com
594,http://www.barigoholdingsgroup.com/contact/
595,https://www.thebalancecareers.com/top-job-scam-warning-signs-2062181
596,http://www.domainwhitepages.com/
597,http://www.helionresearch.com
598,partrail.com
599,artel-crm.com
600,www.partrail.com
601,complex.com
602,http://www.complex.com/style/2017/10/spotted-style-nike-launches-revamped-nba-jersey-toronto/
603,http://buevo.net/
604,https://www.cleveland.com/consumeraffairs/index.ssf/2013/10/dont_let_a_job_scam_trip_up_yo.html
605,carelinx.com
606,hsquaredcasting.com
607,hdsquaredcasting.com
608,http://auditionupdate.com/index.php?s=3&amp;p=426103
609,https://jobs.livecareer.com
610,http://www.lowpricelogistics.com/?page=index
611,mailto:marielaguerre2004@yahoo.com
612,cloudpost.com
613,https://www.instagram.com/p/bi23vsjhagk/?taken-by=tropicalnomadblog
614,https://www.massagebook.com/kilauea~massage~tantrageishadojo https://www.massagebook.com/lihue~massage~jade-fukumoto
615,www.urlscan.io
616,neralogistics.com
617,ts.net
618,www.lonkinggroup.com
619,whoishostingthis.com
620,amazondatajobs.org
621,http://click.sendward.com/wf/click?upn=ppd3t-2fmwmcztozpibm6aw-2btdw1vlduaqwtyv0mcujbfpjckmswdstyno8ulbnttnldsuzh1ymic9tiuuzpkpu0m6fsxhohh3o24l3b2alyk-3d_cyzxmklsvjsqcpewxci9vmuerbxt9neunz0kdeir5k-2bvdt1wmwk-2b9kzvnyqghmqb7gjhh8aufhoizklh-2fojqfvyjqduzqzp4nqoz-2bjbdbdfdlm-2bdxql2hhji0t1qtluzq4xvpbsp9sd93ckpccrytp7-2fov8wa4ex1wtuk8cybk3aqqnkhafdv1tzhtsqaskyz-2bjtgo3nqrckxfcuq4h33mv1fgatjak0ld6xufpgiko-3d
622,managedhumanresources.com
623,http://us.smartpostint.com/form/
624,useasymail.com
625,http://hiring-ap.com/
626,http://rq-po.com/
627,www.eo-so.com
628,&raquo;cosmot-srl.com
629,@dovercorp.com
630,http://www.wtlserv.com
631,https://www.bbb.org/atlanta/business-reviews/delivery-service/world-transportation-logistic-services-in-atlanta-ga-27468646
632,http://wtlserv.com/contacts.html
633,http://www.kessinger-construction.com/
634,https://www.quora.com/is-wireclass-texas-based-consulting-genuine
635,https://www.glassdoor.com/reviews/wireclass-reviews-e827533.htm?sort.sorttype=or&amp;sort.ascending=true&amp;filter.employmentstatus=regular&amp;filter.employmentstatus=part_time&amp;filter.employmentstatus=unknown
636,https://www.indeed.com/forum/job/clinical-research-associate/victim-wireclass/t514302
637,https://www.youtube.com/watch?v=nh9y_qiwgwo
638,http://www.avg.com
639,https://delegatedteam.com/dashboard
640,https://scamwarners.com
641,https://www.export-handels.com/hr/
642,www.mobe.com
643,http://www.ukraine.com.au
644,www.linkedin.com/in/ralph-tillinghast-37a1a212a
645,http://mercuryassurancegrp.com
646,www1.apotex.com/global
647,insightgr.com
648,http://be-comp.com/
649,www.adobe.com
650,www.orionmedics.com
651,daniellucas@gmail
652,builder.com
653,www.tcgconsultinginc.com
654,http://gsp-international.com
655,https://form.jotformeu.com/backoffice_/gsp_apply
656,https://cp.ensurecontinent.com/application
657,https://polonezparcels.com/apply/
658,www.polonezparcels.com
659,https://polonezparcels.com/polonez_parcels_employment_agreement.pdf
660,https://polonezparcels.com/remuneration_request_form.pdf
661,www.ontrac.com
662,angloarabian-healthcare.com
663,******.com
664,ycs-usa.com
665,pms-int.com
666,http://pms-int.com/
667,hometype.org
668,type.org
669,fbonfire.com
670,certipin.com
671,http://www.buspartswarehouse.com
672,hiringwholeamerica.com
673,www.xhingfurnitures.com
674,https://www.parkviewpictures.com
675,www.edwardjones.com
676,"""@edwardjones.com"
677,https://www.manta.com/c/mr41737/mercury-assurance-group
678,**************@gmail.com
679,http://www.amerittalentgroup.com/scheduling11-2-hds-30308
680,http://www.amerittalentgroup.com/11-2-hds-30308
681,http://www.amerittalentgroup.com/mark-bittermann
682,http://fakestaffing.blogspot.com/p/all-created-by-same-individual.html
683,http://hollandmay.com
684,mail.com
685,"""cognizantcareerdesk@gmail.com"
686,https://www.scamwarners.com/forum/viewtopic.php?f=34&amp;p=304095
687,globalotb.com
688,careerapply.org
689,https://drive.google.com/file/d/1obceeigyr-xowfd2rwvjxobomqhxtguc/view?usp=sharing
690,perfectionprocessing.com
691,prime-craft.com
692,primecraftllc.com
693,www.accenture.com
694,caradvertizing.com
695,https://action-crm.net/orders.php
696,http://www.tricerion-services.com/documents/application_form.pdf
697,http://www.tricerion-services.com/documents/job_description.pdf http://www.tricerion-services.com/documents/faq.pdf http://www.tricerion-services.com/documents/company-profile.pdf
698,******@reruitmentdesk.com
699,https://trading-places-ag.com/hr/
700,us-trading-places-ag.com
701,sendpack.us
702,www.redlifehealthcare.org
703,https://devsgatheringpanel.com/peak
704,https://devsgatheringpanel.com/signup
705,https://digitalhiredesk.com
706,homegig.org
707,g.org
708,http://orangepost.org
709,"""crm-explorer.net"
710,http://www.logistics-point.com
711,timm*******************@gmail.com
712,tim********************@gmail.com
713,shipping-solution.com
714,monster.com
715,www.google.com/hangoutstodownloadtheapp
716,http://www.abcsew.com/50611.html
717,http://sikesons.com/position_description.doc
718,https://www.facebook.com/sikesons/
719,http://sikesons.com
720,http://links.parsender.com/wf/click?upn=jsivypgqbc2hopm2tkysab9jmnkpcbh-2baiof96yuqehie8fxbnvqtv3uzu8mbnhytzy3sgqv4isakv-2fhcfebaa-3d-3d_k7ijtytd13hr0ob0inrjkwijp15kh4xybsa4fbwbz1tp7-2bc4hcfvq2quxmxlqn230ew2e1ewz2tpfs0ococme4x8qc-2bhjhj2voczfn6czlgy149u7dshpctlzor7p5o7d1dmabbz5cblx4ww4cl22fy9djbhpu4pv-2f3o1j3xi-2fh7ofy6-2fpq4op02y94irg2ircx0jexbfweqnvr0-2fxk56q-3d-3d
721,pmi.org
722,https://www.quality1inspectors.com/contact.html
723,https://southcoast.craigslist.org/cwg/d/get-paid-for-your-honesty/6348999698.html
724,more.us
725,http://shipping-solution.com/crm/auth_form.php http://shipping-solution.com/crm/registration_form.php
726,@consultant.com
727,http://www.ripoffreport.com/reports/premier-financial-capital/internet/premier-financial-capital-baw-business-alliance-wholesale-steven-weaver-scammed-me-and-c-1324273
728,http://www.ripoffreport.com/reports/premier-working-capital/miami-beach-florida/premier-working-capital-premier-financial-capitol-corpbaw-capitalsteven-weaver-stephen-qu-1326595
729,http://www.ripoffreport.com/reports/prime-business-funding/internet/prime-business-funding-stephn-roy-loan-fraud-miami-internet-1401015
730,http://www.ripoffreport.com/reports/prime-business-funding/internet/prime-business-funding-stephen-roy-complete-loan-fraud-deceptive-practices-disappea-1399285
731,http://www.ripoffreport.com/reports/prime-business-funding-inc/miami-beach-florida-33139/prime-business-funding-inc-stephen-roy-skipped-on-rent-owed-for-office-in-chicago-chica-1405197
732,http://www.ripoffreport.com/reports/premier-working-capital/nationwide/premier-working-capital-prime-commercial-lending-scam-artist-chicago-nationwide-1336843
733,employing.net
734,godaddy.com
735,unifiedlayer.com
736,https://www.spencerstuart.com/
737,http://www.zkoop.com/feeds/2017/7/22/employing-network-inc-offers-helpful-hints-to-avoid-executive-recruiting-scams
738,www.thesatelliteinc.com
739,https://www.employing.net/contact-us/
740,http://barrister-suites.com/locations/santa-monica/santa-monica-100-wilshire/
741,&ldquo;employing.net
742,https://businesssearch.sos.ca.gov
743,https://www.bbb.org/scamtracker/us/
744,https://www.bbb.org/scamtracker/us/reportscam
745,http://www.gtml-group.com/careers.htm
746,http://hiring-us.com/
747,http://applicationss.com/usa/
748,http://un-solutions.com/ http://usa-online-agreement.com/contract/
749,http://usa-online-agreement.com/contract.php?uid=1116311
750,mainmailer.com
751,***********.com
752,irfans@adventglobal.com/401-381-1346
753,rightsignature.com/documents@rightsignature.com
754,www.beaconpropertyinc.com
755,http://go4tm.com
756,www.govtranslator.com
757,govtranslator.com
758,fly-post.org
759,fly-post.net
760,www.whycall.me/609-961-1547
761,or.net
762,www.ziprecruiter.com
763,http://sikesons-office.com/
764,http://radialenergyinc.com/en
765,radialenergyinc.com
766,https://startup-fairs.com/
767,https://bit.ly/2jfitei
768,https://www.csscorp.com/
769,@sierrasoftwaretechnology.com
770,sierrasoftwaretechnology.com
771,careers.jnj.com
772,janssencareers.com
773,httpjanssencareers.com
774,webbercoms.com
775,http://www.scamalot.com/scamtipreports/86851
776,https://www.youtube.com/watch?v=osk3hppiv2w
777,www.wahrev.com
778,ripoff.com
779,http://oceanshealthcare.com
780,http://aorcs-org.webs.com/vacancies.htm
781,peopleperhour.com
782,internationals.com
783,www.google.com
784,www.criver.com
785,reportscams.com
786,ask.bbb.org
787,www.klgates.com
788,eliteexclusivewears.net
789,eliteexclusivewearsnj.com
790,https://blog.waveapps.com/important-alert-payments-scam-targeting-web-designers-and-other-small-business-owners/
791,&nbsp;-------------@gmail.com
792,www.rjccltd.com
793,http://topjobsreviewed.com/
794,elitexes.com
795,priceline.com
796,agoda.com
797,rentalcars.com
798,https://icbtcompany.com/web/
799,ecostim.com
800,https://carpnco.com/y
801,http://www.scamadviser.com
802,warnscam.com
803,https://carpnco.com/agreement.pdf
804,https://www.uscis.gov/system/files_force/files/form/i-9.pdf
805,www.upwork.com
806,www.norgine.com
807,ziprecruiters.com
808,https://www.bbb.org/cincinnati/business-reviews/work-at-home-companies/mkdeliveryservice-com-in-cincinnati-oh-90013403 http://www.quicktransportsolutions.com/truckingcompany/ohio/mk-delivery-contracting-llc-usdot-1392830.php
809,amtextech.com
810,http://www.bbb.org/employmentscam/
811,http://www.edgetherapeutics.com
812,https://www.bbb.org/cincinnati/business-reviews/delivery-service/mk-delivery-service-in-cincinnati-oh-90009726
813,*************@gmail.com
814,target.com
815,"""*****************@yahoo.com"
816,*****************@yahoo.com
817,http://northamericaassociationemploymentservices.webs.com/
818,egiftllc.com
819,http://datacomgroup.eu/
820,http://bbnlogistics.com/
821,www.agcnwo.co
822,https://www.amerigroup.com
823,https://hangouts.google
824,mailto:ann.rapid.delevery@gmail.com
825,https://www.sitejabber.com/reviews/www.freelancer.com
826,www.resmed.com
827,http://scamdigger.com/2016/10/daniel-kelivin-danielkelvin380yahoo-com/...this
828,http://www.resmed.com/us/en/hospital/discover-the-new-resmed-online-store.html
829,firstpeopleshb.com
830,transfcu.com
831,growfinancial.org
832,tinkerfcu.org
833,tlccu.org lafinancial.onlineaccounts.org
834,www.hangouts.google.com
835,http://www.careerbuilder.com/jobseeker/jobs/jobdetails.aspx?job_did=jb762t6ns7p3jtpv2sf
836,https://jcwmembers.com/door
837,https://jcwmembers.com/signup
838,http://convergerxoptions.net/default/
839,gmail-smtp-in.l.google.com
840,https://support.google.com/mail/?p=unsolicitedmessageerror
841,rfc822;privately12@gmail.com
842,greenerfarming.net
843,www.americasfarmers.com
844,www.greenerfarm.net
845,http://newhaven.craigslist.org/crs/5921574841.html
846,http://craigslist.org/about/help/email-relay
847,http://craigslist.org/mf/9ab847df8445fc144cf140939f955e049a88a721.1
848,internships.com
849,lw.com
850,http://www.bbb.org/council/news-events/bbb-scam-alerts/2015/10/scam-alert-beware-of-job-offer-with-an-online-interview/
851,https://searsholdings.com
852,megabox.us
853,www.sanofi.com
854,http://www.sanofi.com
855,www.patriciaassociates.com
856,http://rds-usa.com/career
857,http://fmklogistics.com/
858,www.snagajob.com
859,https://login.skype.com/registration
860,https://kalamazoo.craigslist.org/csr/5919458576.html
861,"""advertiseonmycar.net"
862,https://www.ibc-solar-energy.com/corporate-information/
863,http://cross-wholesale.com
864,surveymonkey.com
865,http://www.citygroup.com.bd/
866,daricerenee.myecon.net
867,www.guest-tek.com
868,http://www.indypossystems.com
869,http://www.manta.com/c/mx842lk/digiwebgeeks
870,http://www.recently-registered.com/www/doximnetworksystems.com
871,doximnetworksystems.com
872,havoclab.com nogreaterpaws.com
873,ejaculationblogger.com projectinfo210.com flytechmedia.com fantaxtv.com displaystats.com lndconsult.com generalnsulation.com pecoofct.com bemsworldwide.com woodmmeister.com palmerpavng.com lamountanbros.com sullymaac.com syntaipharma.com munksio.com ariiaad.com nyelubrcants.com momenntapharma.com clanomega.net genzyzme.com spectoal.com sagammore.com ennteergy.com m0ckfjards.com metalior.com griifols.com alkermmes.com greenwood-industres.com nndwkdddd.com southshoreguntepools.com serascare.com amerisourceibergen.com greatdealshunt.com sv-qroup.com mikroverktyq.com clarianit.com electrcaldynamics.com silentwolfdesigns.com spenceertech.com m0bilaris.com carolinatoontaxi.com pgioiooso.com ironwodpharma.com munksj0.com mockfiards.com sunoivion.com decttam.com
874,https://csd-north.com
875,http://top-recommendations.com/billing-clerk-job-scam-common-sense-design-pittsburgh&rdquo
876,www.premium-forwarding.com
877,http://businessusac.com/
878,http://sr-courier.com/
879,restaurants.com
880,http://www.carwrapreviews.com/
881,www.advertiseonmycar.net
882,http://40.tritti.com/advertiseonmycar.net
883,advertiseonmycar.net
884,http://www.berkshirehathaway.com/letters/2015ltr.pdf
885,http://www.reuters.com/finance/stocks/companyprofile?symbol=brka
886,http://www.berkshirehathaway.com/ http://www.berkshirehathaway.com/letters/2015ltr.pdf http://www.reuters.com/finance/stocks/officerprofile?symbol=brka&amp;officerid=19972 http://www.reuters.com/finance/stocks/officerprofile?symbol=brka&amp;officerid=19966
887,internship.com
888,****@*********.com
889,****@**********.com
890,http://google.com/hangout
891,http://www.j-alternative.co.jp
892,*******************@gmail.com
893,careers@f5_incorporated.com
894,www.messenger.yahoo.com
895,mailto:mateogroups@gmail.com
896,mailto:mateogroups2@comcast.net
897,http://www.eclipseconsult.ca/
898,triplecheckllc.com
899,name.org
900,www.kruger.com
901,www.elitepayrollservices.netau.net/career
902,www.americanforwarding.org
903,employment.com
904,limited.com
905,********@97kid.com
906,https://www.scamwarners.com/forum/viewtopic.php?f=34&amp;t=109131
907,scamwarners.com
908,http://create.pulsepoint.com/
909,www.localwisejobs.com
910,www.yahoomail.com
911,http://messenger.yahoo.com
912,emlsndr.com
913,panelasp.com
914,http://abs-business.com
915,http://fr-panel.com/
916,https://genfive-staff.com/login
917,www.connectingcolorado.com
918,hrmgt*****@gmail.com
919,gourmetselectronics.com
920,connectingcolorado.com
921,craigslist.org
922,railjobhub.com
923,mail174.atl101.mcdlv.net
924,http://hsdelivery.com/career
925,www.sigmaco.com.au
926,*millerjanet097@gmail.com
927,denniscooperdesk001@gmail.com...cooper
928,msdhostfee.com
929,g7ps.com
930,http://janzhoff.com/
931,www.ship-panel.com
932,http://ctyexchanges.org/pdf/jobdescription.pdf
933,www.ctyexchanges.org
934,@catfishcodes.com
935,http://houston.crsigdlidt.org/ofc/5582547511.html
936,www.gmail.comto
937,mailto:robijoa@gmail.com
938,co.uk
939,www.abdulchemicals.com
940,www.emiratesafetybootandchemicals.com
941,www.jdc.co.jp
942,http://www.sdl.com/contact/
943,guru.com
944,hwinllc.com
945,www.tomorrowpayroll.com
946,www.azurepower.com
947,http://www.pinnacleemployers.com/clearance-i9.html
948,http://www.pinnemployment.com
949,http://www.pinnacleemployers.com/equifax_boost.html
950,www.westernunion.com
951,www.xoom.com
952,unitedhopefund.com
953,osha.org
954,vets.gov
955,postalexam.org
956,https://www.vets.gov/veterans-employment-center
957,https://goo.gl/ceydkv
958,www.gadgetvendorx.com
959,www.avast.com
960,www.googlehangout.com
961,bob.com
962,800notes.com
963,"""interviewatnoblegroup@gmail.com"
964,americancareersllc.com
965,http://www.dcemail.com
966,http://www.dcpages.com
967,https://www.scamwarners.com/forum/viewtopic.php?t=117541&amp;p=286624
968,http://leje-estate.com/?reg
969,www.ascension.org/about
970,talentpages.com
971,&lsquo;fschema.org
972,https://www.irs.gov/pub/irs-pdf/f1099msc.pdf
973,http://solutionrealstate.com
974,www.luxoft.com
975,sitejabber.com
976,**************@ymail.com
977,eco.com
978,"""carlossimons511@gmail.com"
979,http://raynoldswholesale.com/
980,raynoldswholesale.com
981,usa.com
982,doba.com
983,frontlinefreightinc.com
984,easystudentwork.com
985,www.kareerspace.com
986,******&nbsp;&lt;duckgoose2013@gmail.com
987,&lt;youbrandresourcesdm@gmail.com&gt;
988,duckgoose2013@gmail.com&gt;
989,youbrandresourcesdm@gmail.com&gt;
990,ihiringdept@gmail.com&gt;
991,carbotcorplinkmarketservice@gmail
992,www.calstrategies.com
993,kgermany@calstrategies.com&gt;
994,pasqualebuono@celgenecareers.org&gt;
995,http://trygarciniaprime.com/ http://trygarciniaprime.com/exclusive/1/
996,www.innateserum.com
997,https://www.innatecream.com/v1/
998,ordergreencoffeepure.com
999,https://trypureslimcleanse.com
1000,https://www.trysupremegarciniacambogia.com/
1001,trylumaessence.com
1002,https://trylumaessence.com
1003,www.revivalbeautycream.com
1004,www.bisoutrail.com
1005,www.bisouwrinkle.com
1006,odesk.com
1007,http://seattle.craigslist.org/see/lab/5422224851.html
1008,&lt;jmccolgin84@gmail.com&gt;
1009,aaronflores852@yahoo.com&gt;
1010,jamesclinton0001@gmail.com&gt;
1011,monthlypayouts.com
